{
	"Comment": "LEIA PARA CONFIGURAR CORRETAMENTE, MÁ CONFIGURAÇÃO POSSUI RISCOS! - Local das explicações de configuração -> https://docs.openwa.dev/interfaces/api_model_config.ConfigObject.html",
	"Auth_Timeout": 0,
	"Auto_Emoji": "Opcional",
	"Block_Assets": "Opcional | True | False",
	"Block_Crash_Logs": "Opcional | True | False",
	"Browser_Revision": "Opcional | Number",
	"Bypass_CSP": "Opcional | True | False",
	"Cached_Patch": "Opcional | True | False",
	"Cache_Enabled": "Opcional | True | False",
	"Call_Timeout": "Opcional | Number",
	"Cors_Fix": "Opcional | True | False",
	"Custom_User_Agent": "Opcional",
	"Delete_Session_Data_On_Logout": true,
	"Dev_Tools": "Opcional | True | False",
	"Disable_Spins": true,
	"Discord_ID": "Opcional",
	"Ensure_Headful_Integrity": "Opcional | True | False",
	"Event_Mode": "Opcional | True | False",
	"Executable_Path": "C:\\Program Files\\Google\\Chrome\\Application\\chrome.exe",
	"EZQR": true,
	"GH_Patch": "Opcional | True | False",
	"Headless": "Opcional | True | False",
	"Host_Notification_Lang": "PT_BR",
	"ID_Correction": "Opcional | True | False",
	"Ignore_Nuke": "Opcional | True | False",
	"Keep_Updated": "Opcional | True | False",
	"Kill_Client_On_Browser_Close": true,
	"Kill_Client_On_Logout": true,
	"Kill_Client_On_Timeout": true,
	"Legacy": "Opcional | True | False",
	"Log_Console": "Opcional | True | False",
	"Log_Console_Errors": "Opcional | True | False",
	"Log_File": "Opcional | True | False",
	"Log_Debug_Info_As_Object": "Opcional | True | False",
	"Max_Chats": "Opcional | Number",
	"Max_Messages": "Opcional | Number",
	"QR_Max": "Opcional | Number",
	"Multi_Devices": true,
	"Popup_Port": 2183,
	"Popup": true,
	"QR_Format": "Opcional | String",
	"QR_Log_Skip": "Opcional | True | False",
	"QR_PopUp_Only": "Opcional | True | False",
	"QR_Quality": "Opcional | Number",
	"QR_Timeout": 0,
	"Raspi": "Opcional | True | False",
	"Resizable": "Opcional | True | False",
	"Restart_On_Crash": true,
	"Safe_Mode": "Opcional | True | False",
	"Screenshot_Error": "Opcional | True | False",
	"Use_Custom_Session_Path": true,
	"Session_Data_Path": "./lib/session",
	"Session_Multiple_Numbers": false,
	"Use_Custom_Session_ID": true,
	"Session_ID": [
		"Iris_Login_QR",
		"Second_Iris_QR"
	],
	"Skip_Broken_Methods_Check": "Opcional | True | False",
	"Skip_Session_Save": "Opcional | True | False",
	"Skip_Update_Check": "Opcional | True | False",
	"Use_Stealth": "Opcional | True | False",
	"Use_Custom_Sticker_Server": "Opcional | True | False",
	"Sticker_Server_Endpoint": "https://sticker-api.openwa.dev",
	"Throw_Error_On_Tos_Block": "Opcional | True | False",
	"Throw_On_Expired_Session_Data": "Opcional | True | False",
	"Use_Custom_Data_Dir": true,
	"User_Data_Dir": [
		"./lib/session/Iris_Login_QR",
		"./lib/session/Second_Iris_QR"
	],
	"Use_Chrome": true,
	"Use_Native_Proxy": "Opcional | True | False",
	"View_Port_Height": 0,
	"View_Port_Width": 0,
	"Wait_For_Ripe_Session": "Opcional | True | False",
	"License_Key": "Opcional",
	"Comment2": "KEY opcional, pois não usamos os recursos pagos..."
}